Objecttype;Clustercode;Dakpartner;Betrokken Projectleider Techniek Daken;Jaar laatste dakonderhoud;Dakveiligheidsvoorzieningen aangebracht?;Bliksembeveiliging;Antenneopstelplaats
Building;10000;Cazdak;Anton Jansen;;;Ja;
Building;10001;Cazdak;Anton Jansen;;;Ja;
Building;10002;Cazdak;Anton Jansen;;;;
Building;10003;Cazdak;Anton Jansen;;;Ja;T-Mobile
Building;10004;Cazdak;Anton Jansen;;;;
Building;10005;Cazdak;Anton Jansen;;;;
Building;10006;Cazdak;Anton Jansen;;;;
Building;10007;Cazdak;Anton Jansen;;;;
Building;10008;Cazdak;Anton Jansen;;;;
Building;10009;Cazdak;Anton Jansen;;;;
Building;10010;Cazdak;Anton Jansen;;;;Vodafone
Building;10011;Cazdak;Anton Jansen;;;;
Building;10012;Cazdak;Anton Jansen;;;;
Building;11000;Cazdak;Anton Jansen;;;Ja;
Building;11001;Cazdak;Anton Jansen;;Ja;;
Building;11002;Cazdak;Anton Jansen;;;;
Building;11003;Cazdak;Anton Jansen;;;;
Building;11004;Cazdak;Anton Jansen;;Ja;;
Building;11005;Cazdak;Anton Jansen;;;;
Building;11006;Cazdak;Anton Jansen;;;;
Building;11007;Cazdak;Anton Jansen;;;;
Building;11011;Cazdak;Anton Jansen;;;;
Building;11021;Cazdak;Anton Jansen;;;;
Building;11022;Cazdak;Anton Jansen;;Ja;;
Building;11023;Cazdak;Anton Jansen;;Nee;;
Building;11024;Cazdak;Anton Jansen;;;;
Building;11031;Cazdak;Anton Jansen;;;;
Building;11032;Cazdak;Anton Jansen;;Ja;;
Building;11041;Cazdak;Anton Jansen;;Ja;;
Building;11042;Cazdak;Anton Jansen;;Ja;;
Building;11061;Cazdak;Anton Jansen;;Ja;;
Building;11062;Cazdak;Anton Jansen;;;;
Building;11063;Cazdak;Anton Jansen;;;;
Building;11064;Cazdak;Anton Jansen;;;;
Building;11065;Cazdak;Anton Jansen;;;;
Building;11067;Cazdak;Anton Jansen;;Ja;;
Building;11071;Cazdak;Anton Jansen;;;;
Building;11072;Cazdak;Anton Jansen;;;;
Building;11081;Cazdak;Anton Jansen;;;;
Building;11091;Cazdak;Anton Jansen;;Nee;;
Building;11101;Cazdak;Anton Jansen;;Ja;;
Building;11102;Cazdak;Anton Jansen;;Ja;;
Building;11103;Cazdak;Anton Jansen;;Ja;;
Building;11104;Cazdak;Anton Jansen;;Ja;;
Building;11111;Cazdak;Anton Jansen;;;;
Building;11121;Cazdak;Anton Jansen;;Ja;;
Building;11122;Cazdak;Anton Jansen;;Nee;;KPN
Building;11131;Cazdak;Anton Jansen;;;;
Building;11132;Cazdak;Anton Jansen;;Nee;;
Building;11143;Cazdak;Anton Jansen;;;;
Building;11144;Cazdak;Anton Jansen;;;;
Building;11161;Cazdak;Anton Jansen;;Ja;;
Building;11171;Cazdak;Anton Jansen;;;;
Building;11172;Cazdak;Anton Jansen;;;;
Building;11174;Cazdak;Anton Jansen;;;;
Building;11182;Cazdak;Anton Jansen;;;;
Building;11183;Cazdak;Anton Jansen;;;;
Building;11231;Cazdak;Anton Jansen;;;;
Building;11241;Cazdak;Anton Jansen;;Ja;;
Building;11251;Cazdak;Anton Jansen;;;;
Building;11341;Cazdak;Anton Jansen;;;;
Building;11351;Cazdak;Anton Jansen;;Ja;;KPN
Building;11352;Cazdak;Anton Jansen;;;;
Building;11353;Cazdak;Anton Jansen;;;;
Building;11354;Cazdak;Anton Jansen;;;;
Building;11355;Cazdak;Anton Jansen;;;;
Building;11361;Cazdak;Anton Jansen;;;;
Building;11371;Cazdak;Anton Jansen;;;;
Building;11381;Cazdak;Anton Jansen;;;;
Building;11391;Cazdak;Anton Jansen;;;;
Building;11392;Cazdak;Anton Jansen;;;;
Building;11393;Cazdak;Anton Jansen;;;;
Building;11394;Cazdak;Anton Jansen;;;;
Building;11395;Cazdak;Anton Jansen;;;;
Building;11396;Cazdak;Anton Jansen;;;;
Building;11397;Cazdak;Anton Jansen;;;;
Building;11401;Cazdak;Anton Jansen;;;;
Building;11402;Cazdak;Anton Jansen;;;;
Building;11411;Cazdak;Anton Jansen;;;;
Building;11412;Cazdak;Anton Jansen;;;;
Building;11413;Cazdak;Anton Jansen;;Ja;;
Building;11421;Cazdak;Anton Jansen;;;;
Building;11422;Cazdak;Anton Jansen;;;;
Building;11431;Cazdak;Anton Jansen;;;;
Building;11432;Cazdak;Anton Jansen;;Nee;;
Building;11433;Cazdak;Anton Jansen;;;;
Building;11434;Cazdak;Anton Jansen;;;;
Building;11441;Cazdak;Anton Jansen;;;;
Building;11451;Cazdak;Anton Jansen;;;Ja;
Building;11452;Cazdak;Anton Jansen;;Nee;Ja;
Building;11461;Cazdak;Anton Jansen;;;;
Building;11462;Cazdak;Anton Jansen;;Ja;;
Building;11463;Cazdak;Anton Jansen;;Ja;;
Building;11464;Cazdak;Anton Jansen;;;;
Building;11465;Cazdak;Anton Jansen;;Ja;;
Building;11471;Cazdak;Anton Jansen;;;;
Building;11481;Cazdak;Anton Jansen;;Ja;;T-Mobile
Building;11491;Cazdak;Anton Jansen;;;;
Building;11501;Cazdak;Anton Jansen;;;;
Building;11502;Cazdak;Anton Jansen;;;;
Building;11503;Cazdak;Anton Jansen;;;;
Building;11504;Cazdak;Anton Jansen;;;;
Building;11531;Cazdak;Anton Jansen;;;;
Building;11541;Cazdak;Anton Jansen;;;;
Building;11551;Cazdak;Anton Jansen;;;;
Building;11561;Cazdak;Anton Jansen;;;;
Building;11562;Cazdak;Anton Jansen;;Ja;;
Building;11571;Cazdak;Anton Jansen;;;;
Building;11581;Cazdak;Anton Jansen;;;;
Building;11582;Cazdak;Anton Jansen;;;;
Building;11583;Cazdak;Anton Jansen;;;;
Building;11584;Cazdak;Anton Jansen;;;;
Building;11585;Cazdak;Anton Jansen;;;;
Building;11591;Cazdak;Anton Jansen;;Ja;;
Building;11592;Cazdak;Anton Jansen;;;;
Building;11593;Cazdak;Anton Jansen;;;;
Building;11594;Cazdak;Anton Jansen;;Ja;;
Building;11601;Cazdak;Anton Jansen;;;;
Building;11611;Cazdak;Anton Jansen;;;;
Building;11612;Cazdak;Anton Jansen;;;;
Building;11631;Cazdak;Anton Jansen;;;;
Building;11632;Cazdak;Anton Jansen;;;;
Building;11633;Cazdak;Anton Jansen;;;;
Building;11641;Cazdak;Anton Jansen;;Ja;;
Building;11651;Cazdak;Anton Jansen;;;;
Building;11661;Cazdak;Anton Jansen;;;;
Building;11662;Cazdak;Anton Jansen;;;;
Building;11741;Cazdak;Anton Jansen;;;;
Building;11751;Cazdak;Anton Jansen;;;;
Building;11771;Cazdak;Anton Jansen;;;;
Building;11792;Cazdak;Anton Jansen;;;;
Building;11794;Cazdak;Anton Jansen;;;;
Building;11801;Cazdak;Anton Jansen;;;;
Building;11811;Cazdak;Anton Jansen;;;;
Building;11821;Cazdak;Anton Jansen;;;;
Building;11831;Cazdak;Anton Jansen;;;;
Building;11832;Cazdak;Anton Jansen;;;;
Building;11861;Cazdak;Anton Jansen;;;;
Building;11871;Cazdak;Anton Jansen;;;;
Building;11881;Cazdak;Anton Jansen;;;;
Building;11993;Cazdak;Anton Jansen;;;;
Building;11994;Cazdak;Anton Jansen;;;;
Building;12000;Cazdak;Anton Jansen;;Ja;Ja;
Building;12001;Cazdak;Anton Jansen;;;;
Building;12002;Cazdak;Anton Jansen;;;;
Building;12003;Cazdak;Anton Jansen;;;;
Building;12004;Cazdak;Anton Jansen;;;;
Building;12006;Cazdak;Anton Jansen;;;;
Building;12008;Cazdak;Anton Jansen;;Nee;;
Building;12012;Cazdak;Anton Jansen;;Nee;;
Building;12013;Cazdak;Anton Jansen;;Ja;;
Building;12014;Cazdak;Anton Jansen;;Ja;;
Building;12015;Cazdak;Anton Jansen;;Ja;;
Building;12016;Cazdak;Anton Jansen;;Ja;;
Building;12019;Cazdak;Anton Jansen;;;;
Building;12022;Cazdak;Anton Jansen;;;;
Building;12023;Cazdak;Anton Jansen;;;;
Building;12024;Cazdak;Anton Jansen;;;;
Building;12027;Cazdak;Anton Jansen;;;;
Building;12029;Cazdak;Anton Jansen;;;;
Building;12103;Cazdak;Anton Jansen;;;;
Building;12111;Cazdak;Anton Jansen;;;;GSO
Building;12112;Cazdak;Anton Jansen;;;;
Building;12113;Cazdak;Anton Jansen;;;;
Building;12114;Cazdak;Anton Jansen;;;;
Building;12117;Cazdak;Anton Jansen;;;;
Building;12118;Cazdak;Anton Jansen;;;;
Building;12120;Cazdak;Anton Jansen;;;;
Building;12122;Cazdak;Anton Jansen;;;;
Building;12126;Cazdak;Anton Jansen;;;;
Building;12191;Cazdak;Anton Jansen;;;;
Building;12195;Cazdak;Anton Jansen;;;;
Building;12200;Cazdak;Anton Jansen;;;;
Building;12201;Cazdak;Anton Jansen;;;;
Building;12202;Cazdak;Anton Jansen;;;;
Building;12203;Cazdak;Anton Jansen;;;;
Building;12204;Cazdak;Anton Jansen;;;;
Building;12205;Cazdak;Anton Jansen;;;;
Building;12206;Cazdak;Anton Jansen;;;;
Building;12207;Cazdak;Anton Jansen;;;;
Building;13000;Cazdak;Anton Jansen;;;;
Building;14000;Oranjedak;Jack Robbemond;;;;
Building;14001;Oranjedak;Jack Robbemond;;Ja;;
Building;14002;Oranjedak;Jack Robbemond;;;;
Building;14003;Oranjedak;Jack Robbemond;;;;
Building;14711;Oranjedak;Jack Robbemond;;;;
Building;15001;Oranjedak;Jack Robbemond;;;;
Building;15002;Oranjedak;Jack Robbemond;;;;
Building;15003;Oranjedak;Jack Robbemond;;;;
Building;15004;?;;;;;
Building;16000;?;;;;;
Building;16001;?;;;;;
Building;16002;?;;;;;
Building;17000;Voormolen;Anton Jansen;;;Ja;
Building;18000;Cazdak;Anton Jansen;;;;
Building;18001;Cazdak;Anton Jansen;;;;
Building;18002;Cazdak;Anton Jansen;;;;
Building;18003;Cazdak;Anton Jansen;;;;
Building;18004;Cazdak;Anton Jansen;;;;
Building;19000;Cazdak;Anton Jansen;;Ja;Ja;
Building;19001;Cazdak;Anton Jansen;;Ja;;Vodafone
Building;19002;Cazdak;Anton Jansen;;;;
Building;20000;Cazdak;Anton Jansen;;Ja;;T-Mobile
Building;20001;Cazdak;Anton Jansen;;;;
Building;20002;Cazdak;Anton Jansen;;Ja;;
Building;20003;Cazdak;Anton Jansen;;Ja;;
Building;20004;Cazdak;Anton Jansen;;;;Vodafone
Building;20005;Cazdak;Anton Jansen;;;;
Building;22000;Cazdak;Anton Jansen;;;;
Building;23000;Cazdak;Anton Jansen;;Ja;;
Building;23001;Cazdak;Anton Jansen;;;;
Building;23002;Cazdak;Anton Jansen;;;;GSO
Building;23003;Cazdak;Anton Jansen;;Nee;;
Building;23004;Cazdak;Anton Jansen;;Nee;;
Building;23005;Cazdak;Anton Jansen;;;;
Building;23006;Cazdak;Anton Jansen;;;;
Building;23007;Cazdak;Anton Jansen;;;;
Building;23008;Cazdak;Anton Jansen;;Ja;;
Building;23009;Cazdak;Anton Jansen;;;;GSO
Building;23010;Cazdak;Anton Jansen;;;;GSO
Building;23011;Cazdak;Anton Jansen;;Nee;;GSO
Building;23012;Cazdak;Anton Jansen;;Nee;;GSO
Building;23013;Cazdak;Anton Jansen;;;;GSO
Building;23014;Cazdak;Anton Jansen;;;;
Building;23015;Cazdak;Anton Jansen;;Nee;;
Building;23016;Cazdak;Anton Jansen;;;;
Building;23017;Cazdak;Anton Jansen;;;;
Building;23018;Cazdak;Anton Jansen;;;;GSO
Building;23019;Cazdak;Anton Jansen;;;;
Building;23020;Cazdak;Anton Jansen;;Nee;;
Building;23021;Cazdak;Anton Jansen;;Ja;;GSO
Building;23022;Cazdak;Anton Jansen;;;;
Building;23023;Cazdak;Anton Jansen;;;;GSO
Building;23024;Cazdak;Anton Jansen;;;;
Building;23025;Cazdak;Anton Jansen;;Ja;;
Building;23026;Cazdak;Anton Jansen;;;;
Building;23027;Cazdak;Anton Jansen;;;;GSO
Building;23028;Cazdak;Anton Jansen;;;;
Building;23029;Cazdak;Anton Jansen;;;;
Building;23030;Cazdak;Anton Jansen;;;;
Building;23031;Cazdak;Anton Jansen;;;;
Building;23032;Cazdak;Anton Jansen;;;;
Building;23033;Cazdak;Anton Jansen;;;;
Building;23034;Cazdak;Anton Jansen;;;;
Building;23035;Cazdak;Anton Jansen;;;;
Building;23036;Cazdak;Anton Jansen;;;;GSO
Building;23037;Cazdak;Anton Jansen;;;;GSO
Building;23038;Cazdak;Anton Jansen;;;;
Building;23039;Cazdak;Anton Jansen;;;;
Building;23040;Cazdak;Anton Jansen;;;;
Building;23103;Cazdak;Anton Jansen;;Nee;;GSO
Building;23104;Cazdak;Anton Jansen;;;;GSO
Building;23108;Cazdak;Anton Jansen;;Nee;;
Building;23109;Cazdak;Anton Jansen;;;;Zonnepanelen
Building;23110;Cazdak;Anton Jansen;;;;
Building;23111;Cazdak;Anton Jansen;;;;GSO
Building;23112;Cazdak;Anton Jansen;;;;
Building;23113;Cazdak;Anton Jansen;;;;
Building;23115;Cazdak;Anton Jansen;;Ja;;GSO
Building;23127;Cazdak;Anton Jansen;;;;
Building;23128;Cazdak;Anton Jansen;;;;
Building;23129;Cazdak;Anton Jansen;;;;
Building;23130;Cazdak;Anton Jansen;;;;
Building;23132;Cazdak;Anton Jansen;;;;
Building;23133;Cazdak;Anton Jansen;;;;
Building;24000;Cazdak;Anton Jansen;;;;GSO
Building;24001;Cazdak;Anton Jansen;;Ja;;GSO
Building;24002;Cazdak;Anton Jansen;;Nee;;GSO
Building;24003;Cazdak;Anton Jansen;;;;GSO
Building;24004;Cazdak;Anton Jansen;;;;
Building;24005;Cazdak;Anton Jansen;;;;
Building;24006;Cazdak;Anton Jansen;;;;GSO
Building;24007;Cazdak;Anton Jansen;;Ja;;GSO
Building;24008;Cazdak;Anton Jansen;;Ja;;GSO
Building;24010;Cazdak;Anton Jansen;;;;GSO
Building;24015;Cazdak;Anton Jansen;;;;GSO
Building;24020;Cazdak;Anton Jansen;;Nee;;GSO
Building;24022;Cazdak;Anton Jansen;;;;
Building;24023;Cazdak;Anton Jansen;;;;
Building;24024;Cazdak;Anton Jansen;;;;
Building;24025;Cazdak;Anton Jansen;;;;
Building;24026;Cazdak;Anton Jansen;;;;
Building;24102;Cazdak;Anton Jansen;;;;
Building;24103;Cazdak;Anton Jansen;;;;
Building;24106;Cazdak;Anton Jansen;;;;
Building;24108;Cazdak;Anton Jansen;;;;
Building;24122;Cazdak;Anton Jansen;;;;GSO
Building;24123;Cazdak;Anton Jansen;;;;GSO
Building;24124;Cazdak;Anton Jansen;;;;GSO
Building;24125;Cazdak;Anton Jansen;;;;GSO
Building;24126;Cazdak;Anton Jansen;;;;GSO
Building;24127;Cazdak;Anton Jansen;;;;GSO
Building;24128;Cazdak;Anton Jansen;;;;GSO
Building;24129;Cazdak;Anton Jansen;;;;
Building;24130;Cazdak;Anton Jansen;;;;
Building;24131;Cazdak;Anton Jansen;;;;
Building;24132;Cazdak;Anton Jansen;;;;
Building;24133;Cazdak;Anton Jansen;;;;
Building;25000;Cazdak;Anton Jansen;;Nee;;
Building;25001;Cazdak;Anton Jansen;;;;GSO
Building;25002;Cazdak;Anton Jansen;;;;GSO
Building;25003;Cazdak;Anton Jansen;;;;GSO
Building;25004;Cazdak;Anton Jansen;;Ja;;
Building;25005;Cazdak;Anton Jansen;;;;
Building;25006;Cazdak;Anton Jansen;;;;
Building;25007;Cazdak;Anton Jansen;;Ja;;GSO
Building;25008;Cazdak;Anton Jansen;;;;GSO
Building;25009;Cazdak;Anton Jansen;;;;
Building;25010;Cazdak;Anton Jansen;;;;GSO
Building;25011;Cazdak;Anton Jansen;;;;GSO
Building;25012;Cazdak;Anton Jansen;;;;
Building;25013;Cazdak;Anton Jansen;;Nee;;GSO
Building;25014;Cazdak;Anton Jansen;;;;
Building;25015;Cazdak;Anton Jansen;;;;GSO
Building;25016;Cazdak;Anton Jansen;;Ja;;
Building;25017;Cazdak;Anton Jansen;;;;
Building;25018;Cazdak;Anton Jansen;;;;GSO
Building;25019;Cazdak;Anton Jansen;;;;
Building;25020;Cazdak;Anton Jansen;;;;
Building;25021;Cazdak;Anton Jansen;;;;
Building;25022;Cazdak;Anton Jansen;;;;GSO
Building;25023;Cazdak;Anton Jansen;;;;GSO
Building;25024;Cazdak;Anton Jansen;;Ja;;
Building;25025;Cazdak;Anton Jansen;;;;GSO
Building;25026;Cazdak;Anton Jansen;;;;GSO
Building;25027;Cazdak;Anton Jansen;;;;
Building;25028;Cazdak;Anton Jansen;;Nee;;
Building;25030;Cazdak;Anton Jansen;;;;
Building;25031;Cazdak;Anton Jansen;;;;
Building;25032;Cazdak;Anton Jansen;;;;
Building;25033;Cazdak;Anton Jansen;;;;
Building;25036;Cazdak;Anton Jansen;;Nee;;
Building;25037;Cazdak;Anton Jansen;;;;
Building;25038;Cazdak;Anton Jansen;;;;
Building;25039;Cazdak;Anton Jansen;;;;
Building;25040;Cazdak;Anton Jansen;;;;GSO
Building;25041;Cazdak;Anton Jansen;;;;
Building;25042;Cazdak;Anton Jansen;;;;GSO
Building;25043;Cazdak;Anton Jansen;;Ja;;GSO
Building;25044;Cazdak;Anton Jansen;;;;GSO
Building;25045;Cazdak;Anton Jansen;;;;GSO
Building;25046;Cazdak;Anton Jansen;;;;
Building;25047;Cazdak;Anton Jansen;;;;
Building;25048;Cazdak;Anton Jansen;;;;GSO
Building;25049;Cazdak;Anton Jansen;;;;
Building;25050;Cazdak;Anton Jansen;;;;
Building;25051;Cazdak;Anton Jansen;;;;GSO
Building;25052;Cazdak;Anton Jansen;;;;
Building;25053;Cazdak;Anton Jansen;;;;
Building;25054;Cazdak;Anton Jansen;;;;
Building;25056;Cazdak;Anton Jansen;;;;
Building;25057;Cazdak;Anton Jansen;;;;
Building;25058;Cazdak;Anton Jansen;;;;
Building;25059;Cazdak;Anton Jansen;;;;
Building;25060;Cazdak;Anton Jansen;;;;
Building;25061;Cazdak;Anton Jansen;;;;
Building;25062;Cazdak;Anton Jansen;;;;
Building;25063;Cazdak;Anton Jansen;;;;
Building;25064;Cazdak;Anton Jansen;;;;
Building;25066;Cazdak;Anton Jansen;;;;
Building;25067;Cazdak;Anton Jansen;;Ja;;
Building;25068;Cazdak;Anton Jansen;;;;
Building;25069;Cazdak;Anton Jansen;;;;
Building;25070;Cazdak;Anton Jansen;;;;
Building;25071;Cazdak;Anton Jansen;;;;
Building;25072;Cazdak;Anton Jansen;;;;
Building;25073;Cazdak;Anton Jansen;;;;
Building;25100;Cazdak;Anton Jansen;;;;
Building;25102;Cazdak;Anton Jansen;;;;
Building;25104;Cazdak;Anton Jansen;;;;
Building;25106;Cazdak;Anton Jansen;;;;GSO
Building;25110;Cazdak;Anton Jansen;;;;
Building;25111;Cazdak;Anton Jansen;;;;
Building;25112;Cazdak;Anton Jansen;;;;
Building;25126;Cazdak;Anton Jansen;;;;
Building;25130;Cazdak;Anton Jansen;;;;GSO
Building;25133;Cazdak;Anton Jansen;;;;
Building;25136;Cazdak;Anton Jansen;;;;
Building;25137;Cazdak;Anton Jansen;;Ja;;
Building;25139;Cazdak;Anton Jansen;;;;
Building;25140;Cazdak;Anton Jansen;;;;GSO
Building;25141;Cazdak;Anton Jansen;;;;GSO
Building;25142;Cazdak;Anton Jansen;;;;
Building;25143;Cazdak;Anton Jansen;;;;
Building;25144;Cazdak;Anton Jansen;;;;GSO
Building;25145;Cazdak;Anton Jansen;;;;
Building;25146;Cazdak;Anton Jansen;;;;
Building;27004;Cazdak;Anton Jansen;;;;Groendak
Building;27005;Cazdak;Anton Jansen;;Nee;;RET
Building;27012;Cazdak;Anton Jansen;;Ja;;
Building;27016;Cazdak;Anton Jansen;;;;
Building;27017;Cazdak;Anton Jansen;;;;
Building;27018;Cazdak;Anton Jansen;;;;
Building;27103;Cazdak;Anton Jansen;;;;
Building;28017;Cazdak;Anton Jansen;;;;Zonnepanelen
Building;28018;Cazdak;Anton Jansen;;;;Zonnepanelen
Building;28019;Cazdak;Anton Jansen;;;;
Building;29100;Cazdak;Anton Jansen;;;;
Building;29101;Cazdak;Anton Jansen;;;;
Building;29102;Cazdak;Anton Jansen;;;;
Building;34000;Oranjedak;Jack Robbemond;;;;
Building;35000;Oranjedak;Jack Robbemond;;;;
Building;35001;Oranjedak;Jack Robbemond;;;;
Building;35002;Oranjedak;Jack Robbemond;;;;
Building;35003;Oranjedak;Jack Robbemond;;;;
Building;35004;Oranjedak;Jack Robbemond;;;;
Building;35005;Oranjedak;Jack Robbemond;;Ja;;
Building;35006;Oranjedak;Jack Robbemond;;;;
Building;35007;Oranjedak;Jack Robbemond;;;;
Building;35008;Oranjedak;Jack Robbemond;;Ja;;
Building;35009;Oranjedak;Jack Robbemond;;;;
Building;35010;Oranjedak;Jack Robbemond;;;;
Building;35011;Oranjedak;Jack Robbemond;;;;
Building;35012;Oranjedak;Jack Robbemond;;Nee;;
Building;35013;Oranjedak;Jack Robbemond;;Ja;;GSO
Building;35014;Oranjedak;Jack Robbemond;;;;
Building;35015;Oranjedak;Jack Robbemond;;;;
Building;35016;Oranjedak;Jack Robbemond;;;;
Building;35017;Oranjedak;Jack Robbemond;;;;
Building;35019;Oranjedak;Jack Robbemond;;Nee;;
Building;35020;Oranjedak;Jack Robbemond;;;;Zonnepanelen
Building;35021;Oranjedak;Jack Robbemond;;;;
Building;35022;Oranjedak;Jack Robbemond;;;;
Building;35023;Oranjedak;Jack Robbemond;;;;
Building;35024;Oranjedak;Jack Robbemond;;Ja;;
Building;35025;Oranjedak;Jack Robbemond;;;;GSO
Building;35027;Oranjedak;Jack Robbemond;;Ja;;
Building;35028;Oranjedak;Jack Robbemond;;Ja;;
Building;35029;Oranjedak;Jack Robbemond;;;;
Building;35030;Oranjedak;Jack Robbemond;;Nee;;
Building;35031;Oranjedak;Jack Robbemond;;;;
Building;35032;Oranjedak;Jack Robbemond;;;;
Building;35034;Oranjedak;Jack Robbemond;;Nee;;
Building;35040;Oranjedak;Jack Robbemond;;;;
Building;35041;Oranjedak;Jack Robbemond;;Nee;;
Building;35042;Oranjedak;Jack Robbemond;;;;
Building;35043;Oranjedak;Jack Robbemond;;;;
Building;35044;Oranjedak;Jack Robbemond;;Ja;;
Building;35046;Oranjedak;Jack Robbemond;;Ja;;
Building;35048;Oranjedak;Jack Robbemond;;;;
Building;35049;Oranjedak;Jack Robbemond;;Ja;;
Building;35050;Oranjedak;Jack Robbemond;;;;
Building;35053;Oranjedak;Jack Robbemond;;Nee;;
Building;35054;Oranjedak;Jack Robbemond;;;;
Building;35055;Oranjedak;Jack Robbemond;;Nee;;
Building;35056;Oranjedak;Jack Robbemond;;;;
Building;35101;Oranjedak;Jack Robbemond;;Ja;;
Building;35103;Oranjedak;Jack Robbemond;;;;
Building;35104;Oranjedak;Jack Robbemond;;Ja;;
Building;35105;Oranjedak;Jack Robbemond;;;;
Building;35106;Oranjedak;Jack Robbemond;;Ja;;
Building;35107;Oranjedak;Jack Robbemond;;;;
Building;35108;Oranjedak;Jack Robbemond;;;;
Building;35109;Oranjedak;Jack Robbemond;;;;
Building;35111;Oranjedak;Jack Robbemond;;;;
Building;35112;Oranjedak;Jack Robbemond;;Nee;;
Building;35113;Oranjedak;Jack Robbemond;;;;
Building;35115;Oranjedak;Jack Robbemond;;;;
Building;35122;Oranjedak;Jack Robbemond;;;;
Building;35126;Oranjedak;Jack Robbemond;;;;
Building;35127;Oranjedak;Jack Robbemond;;Ja;;
Building;35128;Oranjedak;Jack Robbemond;;;;
Building;35129;Oranjedak;Jack Robbemond;;;;
Building;35130;Oranjedak;Jack Robbemond;;;;
Building;35143;Oranjedak;Jack Robbemond;;Ja;;
Building;35144;Oranjedak;Jack Robbemond;;;;
Building;35145;Oranjedak;Jack Robbemond;;Ja;;
Building;35147;Oranjedak;Jack Robbemond;;Ja;;
Building;35148;Oranjedak;Jack Robbemond;;Ja;;
Building;35149;Oranjedak;Jack Robbemond;;Nee;;
Building;35150;Oranjedak;Jack Robbemond;;Ja;;
Building;35161;Oranjedak;Jack Robbemond;;;;
Building;35162;Oranjedak;Jack Robbemond;;;;
Building;35164;Oranjedak;Jack Robbemond;;;;
Building;35166;Oranjedak;Jack Robbemond;;;;
Building;36000;Oranjedak;Jack Robbemond;;Ja;;
Building;36001;Oranjedak;Jack Robbemond;;Nee;;
Building;36002;Oranjedak;Jack Robbemond;;;;
Building;36102;Oranjedak;Jack Robbemond;;Nee;;
Building;36106;Oranjedak;Jack Robbemond;;;;
Building;36107;Oranjedak;Jack Robbemond;;Nee;;
Building;36108;Oranjedak;Jack Robbemond;;;;
Building;36109;Oranjedak;Jack Robbemond;;;;
Building;36153;Oranjedak;Jack Robbemond;;Ja;;
Building;36161;Oranjedak;Jack Robbemond;;;;
Building;36181;Oranjedak;Jack Robbemond;;;;
Building;36182;Oranjedak;Jack Robbemond;;;;
Building;36183;Oranjedak;Jack Robbemond;;;;
Building;36191;Oranjedak;Jack Robbemond;;;;
Building;36192;Oranjedak;Jack Robbemond;;;;
Building;36197;Oranjedak;Jack Robbemond;;;;
Building;36198;Oranjedak;Jack Robbemond;;;;
Building;36200;Oranjedak;Jack Robbemond;;;;
Building;36201;Oranjedak;Jack Robbemond;;;;
Building;36202;Oranjedak;Jack Robbemond;;;;
Building;36203;Oranjedak;Jack Robbemond;;;;
Building;36205;Oranjedak;Jack Robbemond;;;;
Building;36357;Oranjedak;Jack Robbemond;;;;
Building;36358;Oranjedak;Jack Robbemond;;;;
Building;36359;Oranjedak;Jack Robbemond;;;;
Building;36360;Oranjedak;Jack Robbemond;;;;
Building;36361;Oranjedak;Jack Robbemond;;;;
Building;36362;Oranjedak;Jack Robbemond;;;;
Building;36363;Oranjedak;Jack Robbemond;;;;
Building;36364;Oranjedak;Jack Robbemond;;;;
Building;36365;Oranjedak;Jack Robbemond;;;;
Building;36366;Oranjedak;Jack Robbemond;;;;
Building;36367;Oranjedak;Jack Robbemond;;;;
Building;36368;Oranjedak;Jack Robbemond;;;;
Building;36369;Oranjedak;Jack Robbemond;;;;
Building;36370;Oranjedak;Jack Robbemond;;;;
Building;36371;Oranjedak;Jack Robbemond;;;;
Building;36372;Oranjedak;Jack Robbemond;;;;
Building;36373;Oranjedak;Jack Robbemond;;;;
Building;36374;Oranjedak;Jack Robbemond;;;;
Building;36375;Oranjedak;Jack Robbemond;;;;
Building;37000;Oranjedak;Jack Robbemond;;Ja;;
Building;37101;Oranjedak;Jack Robbemond;;;;
Building;41000;Oranjedak;Jack Robbemond;;Ja;;
Building;41001;Oranjedak;Jack Robbemond;;;Ja;
Building;41002;Oranjedak;Jack Robbemond;;;;
Building;41003;Oranjedak;Jack Robbemond;;;;
Building;41004;Oranjedak;Jack Robbemond;;;;
Building;41005;Oranjedak;Jack Robbemond;;;;
Building;41006;Oranjedak;Jack Robbemond;;;;
Building;41007;Oranjedak;Jack Robbemond;;Ja;;
Building;41008;Oranjedak;Jack Robbemond;;;;
Building;41009;Oranjedak;Jack Robbemond;;;;
Building;41010;Oranjedak;Jack Robbemond;;;;
Building;41011;Oranjedak;Jack Robbemond;;;;
Building;41012;Oranjedak;Jack Robbemond;;;;
Building;41013;Oranjedak;Jack Robbemond;;;;
Building;41020;Oranjedak;Jack Robbemond;;;;
Building;41021;Oranjedak;Jack Robbemond;;Nee;;
Building;41022;Oranjedak;Jack Robbemond;;Ja;;
Building;41023;Oranjedak;Jack Robbemond;;Nee;;
Building;41024;Oranjedak;Jack Robbemond;;Ja;Ja;
Building;41025;Oranjedak;Jack Robbemond;;;;
Building;41026;Oranjedak;Jack Robbemond;;Nee;;
Building;41027;Oranjedak;Jack Robbemond;;;;
Building;41028;Oranjedak;Jack Robbemond;;;;
Building;41029;Oranjedak;Jack Robbemond;;Nee;;
Building;41030;Oranjedak;Jack Robbemond;;Ja;;
Building;41032;Oranjedak;Jack Robbemond;;Nee;;
Building;41033;Oranjedak;Jack Robbemond;;Ja;;
Building;41034;Oranjedak;Jack Robbemond;;;;
Building;41035;Oranjedak;Jack Robbemond;;Ja;;
Building;41036;Oranjedak;Jack Robbemond;;;;
Building;41037;Oranjedak;Jack Robbemond;;;;
Building;41039;Oranjedak;Jack Robbemond;;;;
Building;41040;Oranjedak;Jack Robbemond;;;Ja;
Building;41041;Oranjedak;Jack Robbemond;;Ja;;
Building;41042;Oranjedak;Jack Robbemond;;Ja;;
Building;41043;Oranjedak;Jack Robbemond;;;;
Building;41044;Oranjedak;Jack Robbemond;;Ja;;
Building;41045;Oranjedak;Jack Robbemond;;;;
Building;41046;Oranjedak;Jack Robbemond;;Ja;;
Building;41047;Oranjedak;Jack Robbemond;;Nee;;
Building;41048;Oranjedak;Jack Robbemond;;;;
Building;41049;Oranjedak;Jack Robbemond;;Ja;;
Building;41050;Oranjedak;Jack Robbemond;;;;
Building;41052;Oranjedak;Jack Robbemond;;;;
Building;41053;Oranjedak;Jack Robbemond;;Nee;;
Building;41054;Oranjedak;Jack Robbemond;;Nee;;
Building;41055;Oranjedak;Jack Robbemond;;;;
Building;41056;Oranjedak;Jack Robbemond;;Ja;;
Building;41057;Oranjedak;Jack Robbemond;;;;
Building;41058;Oranjedak;Jack Robbemond;;Ja;;
Building;41060;Oranjedak;Jack Robbemond;;;;
Building;41061;Oranjedak;Jack Robbemond;;;;
Building;41062;Oranjedak;Jack Robbemond;;;;
Building;41063;Oranjedak;Jack Robbemond;;;;
Building;41064;Oranjedak;Jack Robbemond;;;;
Building;41065;Oranjedak;Jack Robbemond;;;;
Building;41066;Oranjedak;Jack Robbemond;;;;
Building;41067;Oranjedak;Jack Robbemond;;Ja;;
Building;41068;Oranjedak;Jack Robbemond;;Ja;;
Building;41070;Oranjedak;Jack Robbemond;;Ja;;
Building;41071;Oranjedak;Jack Robbemond;;Nee;;
Building;41072;Oranjedak;Jack Robbemond;;;;
Building;41073;Oranjedak;Jack Robbemond;;;;
Building;41074;Oranjedak;Jack Robbemond;;Nee;;
Building;41075;Oranjedak;Jack Robbemond;;Nee;;
Building;41076;Oranjedak;Jack Robbemond;;Nee;;
Building;41077;Oranjedak;Jack Robbemond;;Nee;;
Building;41078;Oranjedak;Jack Robbemond;;;;
Building;41079;Oranjedak;Jack Robbemond;;;;
Building;41080;Oranjedak;Jack Robbemond;;;;
Building;41081;Oranjedak;Jack Robbemond;;;;
Building;41082;Oranjedak;Jack Robbemond;;;Ja;T-Mobile
Building;41083;Oranjedak;Jack Robbemond;;Nee;;
Building;41100;Oranjedak;Jack Robbemond;;;;
Building;41102;Oranjedak;Jack Robbemond;;;;
Building;41103;Oranjedak;Jack Robbemond;;;;
Building;41120;Oranjedak;Jack Robbemond;;;;
Building;41121;Oranjedak;Jack Robbemond;;;;
Building;41122;Oranjedak;Jack Robbemond;;;;
Building;41123;Oranjedak;Jack Robbemond;;;;
Building;41124;Oranjedak;Jack Robbemond;;;;
Building;41125;Oranjedak;Jack Robbemond;;;;
Building;41126;Oranjedak;Jack Robbemond;;Ja;;
Building;41128;Oranjedak;Jack Robbemond;;;;
Building;41130;Oranjedak;Jack Robbemond;;;;
Building;41139;Oranjedak;Jack Robbemond;;;;
Building;41140;Oranjedak;Jack Robbemond;;Nee;;
Building;41141;Oranjedak;Jack Robbemond;;;;
Building;41142;Oranjedak;Jack Robbemond;;Nee;;
Building;41143;Oranjedak;Jack Robbemond;;Nee;;
Building;41144;Oranjedak;Jack Robbemond;;Nee;;
Building;41145;Oranjedak;Jack Robbemond;;;;
Building;41147;Oranjedak;Jack Robbemond;;;;
Building;41149;Oranjedak;Jack Robbemond;;;;
Building;41150;Oranjedak;Jack Robbemond;;Nee;;
Building;41151;Oranjedak;Jack Robbemond;;;;
Building;41153;Oranjedak;Jack Robbemond;;;;
Building;41154;Oranjedak;Jack Robbemond;;;;
Building;41155;Oranjedak;Jack Robbemond;;;;
Building;41160;Oranjedak;Jack Robbemond;;;;
Building;41161;Oranjedak;Jack Robbemond;;;;
Building;41162;Oranjedak;Jack Robbemond;;;;
Building;41163;Oranjedak;Jack Robbemond;;;;
Building;41164;Oranjedak;Jack Robbemond;;Ja;;
Building;41165;Oranjedak;Jack Robbemond;;Nee;;
Building;41166;Oranjedak;Jack Robbemond;;;;
Building;41167;Oranjedak;Jack Robbemond;;Nee;;
Building;41168;Oranjedak;Jack Robbemond;;Ja;;
Building;41169;Oranjedak;Jack Robbemond;;;;
Building;41170;Oranjedak;Jack Robbemond;;;;
Building;41171;Oranjedak;Jack Robbemond;;;;
Building;41173;Oranjedak;Jack Robbemond;;Nee;;
Building;41174;Oranjedak;Jack Robbemond;;Ja;;
Building;41175;Oranjedak;Jack Robbemond;;Ja;;
Building;41176;Oranjedak;Jack Robbemond;;;;
Building;41192;Oranjedak;Jack Robbemond;;;;
Building;41193;Oranjedak;Jack Robbemond;;;;
Building;41197;Oranjedak;Jack Robbemond;;;;
Building;41198;Oranjedak;Jack Robbemond;;;;
Building;42002;Oranjedak;Jack Robbemond;;;;
Building;42003;Oranjedak;Jack Robbemond;;Ja;;
Building;42004;Oranjedak;Jack Robbemond;;;;
Building;42005;Oranjedak;Jack Robbemond;;Nee;;
Building;42006;Oranjedak;Jack Robbemond;;;;
Building;42007;Oranjedak;Jack Robbemond;;;;
Building;42008;Oranjedak;Jack Robbemond;;Ja;;
Building;42009;Oranjedak;Jack Robbemond;;;;
Building;42010;Oranjedak;Jack Robbemond;;;;
Building;42013;Oranjedak;Jack Robbemond;;;Ja;
Building;42014;Oranjedak;Jack Robbemond;;Ja;;
Building;42017;Oranjedak;Jack Robbemond;;;;
Building;42019;Oranjedak;Jack Robbemond;;;;
Building;42020;Oranjedak;Jack Robbemond;;;;
Building;42021;Oranjedak;Jack Robbemond;;;;
Building;42022;Oranjedak;Jack Robbemond;;;;
Building;42023;Oranjedak;Jack Robbemond;;;;
Building;42024;Oranjedak;Jack Robbemond;;;;
Building;42025;Oranjedak;Jack Robbemond;;;;
Building;42026;Oranjedak;Jack Robbemond;;;;
Building;42027;Oranjedak;Jack Robbemond;;;;
Building;42028;Oranjedak;Jack Robbemond;;;;
Building;42029;Oranjedak;Jack Robbemond;;;;
Building;42030;Oranjedak;Jack Robbemond;;;;
Building;42031;Oranjedak;Jack Robbemond;;;;
Building;42032;Oranjedak;Jack Robbemond;;;;
Building;42033;Oranjedak;Jack Robbemond;;;;
Building;42034;Oranjedak;Jack Robbemond;;;;Vodafone
Building;42035;Oranjedak;Jack Robbemond;;;;
Building;42036;Oranjedak;Jack Robbemond;;;;
Building;42100;Oranjedak;Jack Robbemond;;Ja;;
Building;42101;Oranjedak;Jack Robbemond;;;;
Building;42102;Oranjedak;Jack Robbemond;;;;
Building;42111;Oranjedak;Jack Robbemond;;;;
Building;42112;Oranjedak;Jack Robbemond;;;;
Building;42116;Oranjedak;Jack Robbemond;;;;
Building;42192;Oranjedak;Jack Robbemond;;;;
Building;44000;Oranjedak;Jack Robbemond;;Ja;;
Building;44871;Oranjedak;Jack Robbemond;;Ja;;
Building;44872;Oranjedak;Jack Robbemond;;;;
Building;44873;Oranjedak;Jack Robbemond;;;;
Building;44874;Oranjedak;Jack Robbemond;;;;
Building;44875;Oranjedak;Jack Robbemond;;Ja;;
Building;44876;Oranjedak;Jack Robbemond;;;;T-Mobile
Building;44881;Oranjedak;Jack Robbemond;;Nee;Ja;
Building;44882;Oranjedak;Jack Robbemond;;;Ja;T-Mobile
Building;44883;Oranjedak;Jack Robbemond;;;Ja;
Building;44901;Oranjedak;Jack Robbemond;;;;
Building;44902;Oranjedak;Jack Robbemond;;;;
Building;44909;Oranjedak;Jack Robbemond;;;;
Building;44931;Oranjedak;Jack Robbemond;;Ja;Ja;
Building;44991;Oranjedak;Jack Robbemond;;;;
Building;45003;Oranjedak;Jack Robbemond;;Ja;;
Building;45004;Oranjedak;Jack Robbemond;;Ja;;
Building;45901;Oranjedak;Jack Robbemond;;;Ja;Zonnepanelen
Building;45902;Oranjedak;Jack Robbemond;;;Ja;
Building;45911;Oranjedak;Jack Robbemond;;;;
Building;45912;Oranjedak;Jack Robbemond;;;;
Building;45921;Oranjedak;Jack Robbemond;;;;
Building;45931;Oranjedak;Jack Robbemond;;Ja;;
Building;45932;Oranjedak;Jack Robbemond;;Ja;;
Building;45933;Oranjedak;Jack Robbemond;;Ja;;
Building;45934;Oranjedak;Jack Robbemond;;Ja;;KPN
Building;45935;Oranjedak;Jack Robbemond;;Ja;;
Building;45936;Oranjedak;Jack Robbemond;;Nee;;
Building;45941;Oranjedak;Jack Robbemond;;;;
Building;45951;Oranjedak;Jack Robbemond;;;;
Building;45961;Oranjedak;Jack Robbemond;;Ja;Ja;T-Mobile
Building;45962;Oranjedak;Jack Robbemond;;;;
Building;45971;Oranjedak;Jack Robbemond;;;;
Building;46511;Oranjedak;Jack Robbemond;;;;Zonnepanelen
Building;46521;Oranjedak;Jack Robbemond;;;;
Building;46531;Oranjedak;Jack Robbemond;;;;
Building;46541;Oranjedak;Jack Robbemond;;;;Zonnepanelen
Building;47001;Oranjedak;Jack Robbemond;;;;
Building;47002;Oranjedak;Jack Robbemond;;;;
Building;47003;Oranjedak;Jack Robbemond;;;;
Building;47004;Oranjedak;Jack Robbemond;;Ja;;
Building;47005;Oranjedak;Jack Robbemond;;Ja;;
Building;47006;Oranjedak;Jack Robbemond;;Ja;;
Building;47008;Oranjedak;Jack Robbemond;;;;
Building;47009;Oranjedak;Jack Robbemond;;;;
Building;47010;Oranjedak;Jack Robbemond;;;;
Building;47012;Oranjedak;Jack Robbemond;;Ja;;
Building;47015;Oranjedak;Jack Robbemond;;Nee;;
Building;47016;Oranjedak;Jack Robbemond;;;;
Building;47017;Oranjedak;Jack Robbemond;;;;
Building;47018;Oranjedak;Jack Robbemond;;Ja;;
Building;47019;Oranjedak;Jack Robbemond;;;;
Building;47020;Oranjedak;Jack Robbemond;;;;
Building;47021;Oranjedak;Jack Robbemond;;Ja;;
Building;47022;Oranjedak;Jack Robbemond;;;;
Building;47024;Oranjedak;Jack Robbemond;;;;
Building;47025;Oranjedak;Jack Robbemond;;;;
Building;47100;Oranjedak;Jack Robbemond;;;;
Building;47107;Oranjedak;Jack Robbemond;;;;
Building;48000;Oranjedak;Jack Robbemond;;;Ja;
Building;48001;Oranjedak;Jack Robbemond;;;;
Building;48361;Oranjedak;Jack Robbemond;;;;
Building;48411;Oranjedak;Jack Robbemond;;;;
Building;48420;Oranjedak;Jack Robbemond;;;;
Building;48421;Oranjedak;Jack Robbemond;;;Ja;
Building;48423;Oranjedak;Jack Robbemond;;;Ja;
Building;48424;Oranjedak;Jack Robbemond;;;Ja;
Building;48433;Oranjedak;Jack Robbemond;;;;
Building;48434;Oranjedak;Jack Robbemond;;;;
Building;48435;Oranjedak;Jack Robbemond;;;;
Building;48436;Oranjedak;Jack Robbemond;;;;
Building;48442;Oranjedak;Jack Robbemond;;;;
Building;48443;Oranjedak;Jack Robbemond;;;;
Building;48451;Oranjedak;Jack Robbemond;;;;
Building;48461;Oranjedak;Jack Robbemond;;;Ja;
Building;48462;Oranjedak;Jack Robbemond;;;Ja;
Building;48463;Oranjedak;Jack Robbemond;;;Ja;KPN/T-Mobile/Vodafone
Building;48464;Oranjedak;Jack Robbemond;;;Ja;
Building;48491;Oranjedak;Jack Robbemond;;Nee;;
Building;48941;Oranjedak;Jack Robbemond;;;;
Building;48942;Oranjedak;Jack Robbemond;;Ja;;
Building;48951;Oranjedak;Jack Robbemond;;;;
Building;48952;Oranjedak;Jack Robbemond;;;;
Building;48953;Oranjedak;Jack Robbemond;;;;
Building;48961;Oranjedak;Jack Robbemond;;;;
Building;48971;Oranjedak;Jack Robbemond;;;;
Building;48981;Oranjedak;Jack Robbemond;;;;
Building;49000;Oranjedak;Jack Robbemond;;;;
Building;49001;Oranjedak;Jack Robbemond;;;Ja;
Building;49361;Oranjedak;Jack Robbemond;;;;T-Mobile
Building;49371;Oranjedak;Jack Robbemond;;;;
Building;49381;Oranjedak;Jack Robbemond;;;;
Building;49391;Oranjedak;Jack Robbemond;;;;
Building;49401;Oranjedak;Jack Robbemond;;;;
Building;49431;Oranjedak;Jack Robbemond;;;;
Building;49432;Oranjedak;Jack Robbemond;;;;
Building;49441;Oranjedak;Jack Robbemond;;;;
Building;49451;Oranjedak;Jack Robbemond;;;;
Building;51001;Cazdak;Anton Jansen;;Nee;;
Building;51002;Cazdak;Anton Jansen;;;;
Building;51003;Cazdak;Anton Jansen;;;;
Building;51004;Cazdak;Anton Jansen;;;;
Building;51005;Cazdak;Anton Jansen;;Nee;;
Building;51006;Cazdak;Anton Jansen;;Nee;;
Building;51007;Cazdak;Anton Jansen;;Nee;;
Building;51008;Cazdak;Anton Jansen;;Ja;;
Building;51009;Cazdak;Anton Jansen;;Nee;;
Building;51010;Cazdak;Anton Jansen;;Nee;;
Building;51011;Cazdak;Anton Jansen;;;;
Building;51012;Cazdak;Anton Jansen;;;;
Building;51013;Cazdak;Anton Jansen;;;;
Building;51014;Cazdak;Anton Jansen;;;;
Building;51015;Cazdak;Anton Jansen;;;;Zonnepanelen
Building;51016;Cazdak;Anton Jansen;;Ja;;
Building;51019;Cazdak;Anton Jansen;;;;
Building;51020;Cazdak;Anton Jansen;;Ja;;
Building;51021;Cazdak;Anton Jansen;;;;
Building;51051;Cazdak;Anton Jansen;;Nee;;
Building;51052;Cazdak;Anton Jansen;;Nee;;
Building;51053;Cazdak;Anton Jansen;;Nee;;
Building;51054;Cazdak;Anton Jansen;;Nee;;
Building;51055;Cazdak;Anton Jansen;;Nee;;
Building;51058;Cazdak;Anton Jansen;;Nee;;
Building;51059;Cazdak;Anton Jansen;;Nee;;
Building;51060;Cazdak;Anton Jansen;;Nee;;
Building;51061;Cazdak;Anton Jansen;;Nee;;
Building;51062;Cazdak;Anton Jansen;;Ja;Ja;T-Mobile
Building;51063;Cazdak;Anton Jansen;;Ja;;
Building;51064;Cazdak;Anton Jansen;;Nee;;
Building;51065;Cazdak;Anton Jansen;;Nee;;
Building;51070;Cazdak;Anton Jansen;;Nee;;
Building;51071;Cazdak;Anton Jansen;;;;
Building;51072;Cazdak;Anton Jansen;;;;
Building;51117;Cazdak;Anton Jansen;;;;
Building;51125;Cazdak;Anton Jansen;;;;Zonnepanelen
Building;51126;Cazdak;Anton Jansen;;Nee;;
Building;51127;Cazdak;Anton Jansen;;;;
Building;51128;Cazdak;Anton Jansen;;;;
Building;51156;Cazdak;Anton Jansen;;;;
Building;51158;Cazdak;Anton Jansen;;;;
Building;51159;Cazdak;Anton Jansen;;;;
Building;51160;Cazdak;Anton Jansen;;;;
Building;55001;Cazdak;Anton Jansen;;Nee;;Zonnepanelen
Building;55002;Cazdak;Anton Jansen;;;;
Building;55103;Cazdak;Anton Jansen;;;;
Building;56051;Cazdak;Anton Jansen;;;;
Building;56052;Cazdak;Anton Jansen;;;;
Building;56053;Cazdak;Anton Jansen;;;;
Building;56055;Cazdak;Anton Jansen;;;;
Building;56056;Cazdak;Anton Jansen;;Ja;;
Building;56057;Cazdak;Anton Jansen;;Ja;;
Building;56058;Cazdak;Anton Jansen;;;;
Building;56101;Cazdak;Anton Jansen;;;;
Building;56102;Cazdak;Anton Jansen;;;;
Building;56154;Cazdak;Anton Jansen;;;;
Building;56159;Cazdak;Anton Jansen;;;;
Building;56160;Cazdak;Anton Jansen;;;;
Building;57001;Cazdak;Anton Jansen;;;;
Building;57002;Cazdak;Anton Jansen;;Nee;;
Building;60001;Oranjedak;Jack Robbemond;;Ja;;
Building;60116;Oranjedak;Jack Robbemond;;;;
Building;60120;Oranjedak;Jack Robbemond;;;;
Building;63001;Oranjedak;Jack Robbemond;;;Ja;
Building;63002;Oranjedak;Jack Robbemond;;;Ja;
Building;63003;Oranjedak;Jack Robbemond;;Ja;Ja;Vodafone
Building;63004;Oranjedak;Jack Robbemond;;Ja;Ja;
Building;63011;Oranjedak;Jack Robbemond;;;;
Building;63012;Oranjedak;Jack Robbemond;;Ja;Ja;
Building;63113;Oranjedak;Jack Robbemond;;Nee;;
Building;63114;Oranjedak;Jack Robbemond;;;;
Building;63601;Oranjedak;Jack Robbemond;;;;
Building;66000;Oranjedak;Jack Robbemond;;Ja;;
Building;66005;Oranjedak;Jack Robbemond;;Nee;;
Building;66006;Oranjedak;Jack Robbemond;;;;
Building;66007;Oranjedak;Jack Robbemond;;;;
Building;66008;Oranjedak;Jack Robbemond;;Nee;;
Building;66009;Oranjedak;Jack Robbemond;;;;
Building;66010;Oranjedak;Jack Robbemond;;Nee;;
Building;66050;Oranjedak;Jack Robbemond;;;;
Building;66055;Oranjedak;Jack Robbemond;;Nee;;
Building;66056;Oranjedak;Jack Robbemond;;;;
Building;66057;Oranjedak;Jack Robbemond;;;;
Building;66058;Oranjedak;Jack Robbemond;;Nee;;
Building;66059;Oranjedak;Jack Robbemond;;Nee;;
Building;66060;Oranjedak;Jack Robbemond;;Nee;;
Building;67711;Oranjedak;Jack Robbemond;;;;
Building;67712;Oranjedak;Jack Robbemond;;;;
Building;67731;Oranjedak;Jack Robbemond;;Ja;;
Building;67732;Oranjedak;Jack Robbemond;;Nee;;
Building;67733;Oranjedak;Jack Robbemond;;Ja;;
Building;67734;Oranjedak;Jack Robbemond;;Nee;;
Building;67735;Oranjedak;Jack Robbemond;;;;
Building;67761;Oranjedak;Jack Robbemond;;Nee;;
Building;67762;Oranjedak;Jack Robbemond;;Nee;;
Building;67763;Oranjedak;Jack Robbemond;;Nee;;
Building;67764;Oranjedak;Jack Robbemond;;Nee;;
Building;67765;Oranjedak;Jack Robbemond;;;;
Building;67766;Oranjedak;Jack Robbemond;;Nee;;
Building;67767;Oranjedak;Jack Robbemond;;;;
Building;67768;Oranjedak;Jack Robbemond;;;;
Building;67769;Oranjedak;Jack Robbemond;;;;
Building;67801;Oranjedak;Jack Robbemond;;;;
Building;67802;Oranjedak;Jack Robbemond;;;;
Building;67803;Oranjedak;Jack Robbemond;;;;
Building;67811;Oranjedak;Jack Robbemond;;;;
Building;67812;Oranjedak;Jack Robbemond;;;;
Building;67821;Oranjedak;Jack Robbemond;;;Ja;KPN/Vodafone
Building;67822;Oranjedak;Jack Robbemond;;;;
Building;67823;Oranjedak;Jack Robbemond;;;;
Building;67824;Oranjedak;Jack Robbemond;;;;
Building;67825;Oranjedak;Jack Robbemond;;;;
Building;67851;Oranjedak;Jack Robbemond;;;;
Building;67852;Oranjedak;Jack Robbemond;;;;
Building;67861;Oranjedak;Jack Robbemond;;Nee;Ja;KPN
Building;67891;Oranjedak;Jack Robbemond;;;;
Building;71001;Voormolen;Anton Jansen;;;;
Building;71019;Voormolen;Anton Jansen;;;;
Building;71021;Voormolen;Anton Jansen;;;;
Building;71031;Voormolen;Anton Jansen;;;;
Building;71041;Voormolen;Anton Jansen;;;;
Building;71059;Voormolen;Anton Jansen;;Ja;;
Building;71061;Voormolen;Anton Jansen;;Ja;;
Building;71089;Voormolen;Anton Jansen;;;;KPN
Building;71091;Voormolen;Anton Jansen;;Nee;;
Building;71101;Voormolen;Anton Jansen;;;;
Building;71111;Voormolen;Anton Jansen;;;;
Building;71121;Voormolen;Anton Jansen;;;;
Building;71131;Voormolen;Anton Jansen;;;;
Building;71141;Voormolen;Anton Jansen;;;;
Building;71142;Voormolen;Anton Jansen;;;;
Building;71201;Voormolen;Anton Jansen;;;;
Building;71211;Voormolen;Anton Jansen;;;;
Building;71231;Voormolen;Anton Jansen;;;;
Building;71232;Voormolen;Anton Jansen;;;;
Building;71241;Voormolen;Anton Jansen;;;;
Building;71242;Voormolen;Anton Jansen;;;;
Building;71243;Voormolen;Anton Jansen;;;;
Building;71251;Voormolen;Anton Jansen;;;;
Building;71261;Voormolen;Anton Jansen;;;;
Building;71262;Voormolen;Anton Jansen;;;;
Building;71263;Voormolen;Anton Jansen;;;;
Building;71271;Voormolen;Anton Jansen;;;;
Building;71272;Voormolen;Anton Jansen;;;;
Building;71273;Voormolen;Anton Jansen;;Ja;;
Building;71274;Voormolen;Anton Jansen;;;;
Building;71281;Voormolen;Anton Jansen;;Ja;;
Building;71282;Voormolen;Anton Jansen;;Nee;;
Building;71291;Voormolen;Anton Jansen;;Ja;;
Building;71301;Voormolen;Anton Jansen;;;;
Building;71302;Voormolen;Anton Jansen;;Nee;;
Building;71311;Voormolen;Anton Jansen;;Nee;;
Building;71312;Voormolen;Anton Jansen;;;;
Building;71321;Voormolen;Anton Jansen;;;;
Building;71322;Voormolen;Anton Jansen;;Ja;;
Building;71328;Voormolen;Anton Jansen;;;;
Building;71329;Voormolen;Anton Jansen;;;;
Building;71341;Voormolen;Anton Jansen;;Nee;;
Building;71351;Voormolen;Anton Jansen;;;;
Building;71361;Voormolen;Anton Jansen;;;;
Building;71362;Voormolen;Anton Jansen;;Nee;;
Building;71371;Voormolen;Anton Jansen;;Nee;;
Building;71381;Voormolen;Anton Jansen;;;;
Building;71391;Voormolen;Anton Jansen;;;;
Building;71401;Voormolen;Anton Jansen;;;;
Building;71411;Voormolen;Anton Jansen;;;;
Building;71421;Voormolen;Anton Jansen;;;;
Building;71422;Voormolen;Anton Jansen;;;;
Building;71423;Voormolen;Anton Jansen;;;;
Building;71424;Voormolen;Anton Jansen;;;;
Building;71425;Voormolen;Anton Jansen;;;;
Building;71431;Voormolen;Anton Jansen;;;;
Building;71441;Voormolen;Anton Jansen;;;;
Building;71443;Voormolen;Anton Jansen;;;;
Building;71444;Voormolen;Anton Jansen;;;;
Building;71449;Voormolen;Anton Jansen;;;;
Building;71451;Voormolen;Anton Jansen;;;;
Building;71460;Voormolen;Anton Jansen;;;;
Building;71461;Voormolen;Anton Jansen;;;;
Building;71462;Voormolen;Anton Jansen;;Ja;;
Building;71466;Voormolen;Anton Jansen;;;;
Building;71467;Voormolen;Anton Jansen;;;;
Building;71468;Voormolen;Anton Jansen;;;;
Building;71469;Voormolen;Anton Jansen;;;;
Building;71470;Voormolen;Anton Jansen;;;;
Building;71471;Voormolen;Anton Jansen;;;;
Building;71472;Voormolen;Anton Jansen;;;;
Building;71473;Voormolen;Anton Jansen;;;;
Building;71474;Voormolen;Anton Jansen;;;;
Building;71501;Voormolen;Anton Jansen;;;;
Building;71511;Voormolen;Anton Jansen;;;;
Building;71521;Voormolen;Anton Jansen;;;;
Building;71524;Voormolen;Anton Jansen;;;;
Building;71525;Voormolen;Anton Jansen;;;;
Building;71534;Voormolen;Anton Jansen;;;;
Building;71535;Voormolen;Anton Jansen;;;;
Building;71541;Voormolen;Anton Jansen;;;;
Building;71542;Voormolen;Anton Jansen;;;;
Building;71543;Voormolen;Anton Jansen;;;;
Building;71544;Voormolen;Anton Jansen;;;;
Building;71545;Voormolen;Anton Jansen;;;;
Building;71546;Voormolen;Anton Jansen;;;;
Building;71631;Voormolen;Anton Jansen;;;;
Building;71671;Voormolen;Anton Jansen;;;;
Building;71701;Voormolen;Anton Jansen;;;;
Building;71711;Voormolen;Anton Jansen;;;;
Building;71761;Voormolen;Anton Jansen;;;;
Building;71762;Voormolen;Anton Jansen;;;;
Building;71763;Voormolen;Anton Jansen;;;;
Building;71764;Voormolen;Anton Jansen;;;;
Building;71767;Voormolen;Anton Jansen;;;;
Building;71801;Voormolen;Anton Jansen;;;;
Building;71803;Voormolen;Anton Jansen;;;;
Building;71805;Voormolen;Anton Jansen;;;;
Building;71806;Voormolen;Anton Jansen;;;;
Building;71807;Voormolen;Anton Jansen;;;;
Building;71808;Voormolen;Anton Jansen;;;;
Building;71810;Voormolen;Anton Jansen;;;;
Building;71811;Voormolen;Anton Jansen;;;;
Building;71812;Voormolen;Anton Jansen;;;;
Building;71813;Voormolen;Anton Jansen;;;;
Building;71819;Voormolen;Anton Jansen;;;;
Building;71822;Voormolen;Anton Jansen;;;;
Building;71825;Voormolen;Anton Jansen;;;;
Building;71826;Voormolen;Anton Jansen;;;;
Building;71876;Voormolen;Anton Jansen;;;;
Building;71881;Voormolen;Anton Jansen;;;;
Building;71882;Voormolen;Anton Jansen;;;;
Building;71885;Voormolen;Anton Jansen;;;;
Building;71887;Voormolen;Anton Jansen;;;;
Building;71888;Voormolen;Anton Jansen;;;;
Building;71891;Voormolen;Anton Jansen;;;;
Building;71894;Voormolen;Anton Jansen;;;;
Building;71895;Voormolen;Anton Jansen;;;;
Building;71981;Voormolen;Anton Jansen;;;;
Building;72000;Voormolen;Anton Jansen;;;;
Building;72001;Voormolen;Anton Jansen;;;;
Building;72002;Voormolen;Anton Jansen;;Ja;;
Building;72003;Voormolen;Anton Jansen;;;;
Building;72004;Voormolen;Anton Jansen;;;;
Building;72005;Voormolen;Anton Jansen;;Nee;;
Building;72006;Voormolen;Anton Jansen;;;;
Building;72007;Voormolen;Anton Jansen;;;;
Building;72008;Voormolen;Anton Jansen;;;;
Building;72009;Voormolen;Anton Jansen;;;;
Building;72010;Voormolen;Anton Jansen;;Nee;;
Building;72014;Voormolen;Anton Jansen;;Nee;;
Building;72056;Voormolen;Anton Jansen;;Nee;;
Building;72057;Voormolen;Anton Jansen;;Ja;;
Building;72058;Voormolen;Anton Jansen;;Niet van toepassing?;;Zonnepanelen
Building;72059;Voormolen;Anton Jansen;;Ja;;
Building;72063;Voormolen;Anton Jansen;;;;
Building;72100;Voormolen;Anton Jansen;;;;
Building;72108;Voormolen;Anton Jansen;;;;
Building;72150;Voormolen;Anton Jansen;;;;
Building;76071;Voormolen;Anton Jansen;;;Ja;RET
Building;71011;Voormolen;Anton Jansen;;;;
Building;71012;Voormolen;Anton Jansen;;Ja;;
Building;71013;Voormolen;Anton Jansen;;;;
Building;71015;Voormolen;Anton Jansen;;Nee;;
Building;71016;Voormolen;Anton Jansen;;Nee;;
Building;71018;Voormolen;Anton Jansen;;Nee;;
Building;71020;Voormolen;Anton Jansen;;Ja;;
Building;71050;Voormolen;Anton Jansen;;;;
Building;71051;Voormolen;Anton Jansen;;;;
Building;71052;Voormolen;Anton Jansen;;;;
Building;71053;Voormolen;Anton Jansen;;;;
Building;71054;Voormolen;Anton Jansen;;;;
Building;71055;Voormolen;Anton Jansen;;Ja;;
Building;71067;Voormolen;Anton Jansen;;;;
Building;71068;Voormolen;Anton Jansen;;Nee;;
Building;71081;Voormolen;Anton Jansen;;;;
Building;71104;Voormolen;Anton Jansen;;;;
Building;71105;Voormolen;Anton Jansen;;;;
Building;71106;Voormolen;Anton Jansen;;Ja;;
Building;71107;Voormolen;Anton Jansen;;;;
Building;71150;Voormolen;Anton Jansen;;;;
Building;79381;Voormolen;Anton Jansen;;Ja;;
Building;79542;Voormolen;Anton Jansen;;;;
Building;79661;Voormolen;Anton Jansen;;Ja;Ja;T-Mobile
Building;79691;Voormolen;Anton Jansen;;;;
Building;79841;Voormolen;Anton Jansen;;;;
Building;79842;Voormolen;Anton Jansen;;;;
Building;79861;Voormolen;Anton Jansen;;Ja;Ja;KPN
Building;82000;Voormolen;Anton Jansen;;;;
Building;82001;Voormolen;Anton Jansen;;;;
Building;82002;Voormolen;Anton Jansen;;;;
Building;82003;Voormolen;Anton Jansen;;;;
Building;82004;Voormolen;Anton Jansen;;;;GSO
Building;82005;Voormolen;Anton Jansen;;;;
Building;82006;Voormolen;Anton Jansen;;;;
Building;82007;Voormolen;Anton Jansen;;;;
Building;82008;Voormolen;Anton Jansen;;;;GSO
Building;82009;Voormolen;Anton Jansen;;Ja;;
Building;82010;Voormolen;Anton Jansen;;;Ja;GSO
Building;82011;Voormolen;Anton Jansen;;;;
Building;82012;Voormolen;Anton Jansen;;;;
Building;82013;Voormolen;Anton Jansen;;;;
Building;82014;Voormolen;Anton Jansen;;;;
Building;82015;Voormolen;Anton Jansen;;;;
Building;82016;Voormolen;Anton Jansen;;;;
Building;82017;Voormolen;Anton Jansen;;;;GSO
Building;82018;Voormolen;Anton Jansen;;Nee;;GSO
Building;82019;Voormolen;Anton Jansen;;Ja;;GSO
Building;82020;Voormolen;Anton Jansen;;Nee;;
Building;82021;Voormolen;Anton Jansen;;Ja;;
Building;82023;Voormolen;Anton Jansen;;;;
Building;82024;Voormolen;Anton Jansen;;;;GSO
Building;82025;Voormolen;Anton Jansen;;;;
Building;82026;Voormolen;Anton Jansen;;;;GSO
Building;82027;Voormolen;Anton Jansen;;Ja;;
Building;82028;Voormolen;Anton Jansen;;Ja;;
Building;82029;Voormolen;Anton Jansen;;Ja;;
Building;82031;Voormolen;Anton Jansen;;;;GSO
Building;82032;Voormolen;Anton Jansen;;;Ja;
Building;82033;Voormolen;Anton Jansen;;;;
Building;82050;Voormolen;Anton Jansen;;Nee;;T-Mobile
Building;82051;Voormolen;Anton Jansen;;;;
Building;82052;Voormolen;Anton Jansen;;Nee;;
Building;82053;Voormolen;Anton Jansen;;;;GSO
Building;82057;Voormolen;Anton Jansen;;Nee;;
Building;82059;Voormolen;Anton Jansen;;Nee;;GSO
Building;82061;Voormolen;Anton Jansen;;Ja;;
Building;82066;Voormolen;Anton Jansen;;;;
Building;82067;Voormolen;Anton Jansen;;;;
Building;82068;Voormolen;Anton Jansen;;;;
Building;82069;Voormolen;Anton Jansen;;;;
Building;82070;Voormolen;Anton Jansen;;;;
Building;82071;Voormolen;Anton Jansen;;Nee;;
Building;82100;Voormolen;Anton Jansen;;;;
Building;82101;Voormolen;Anton Jansen;;;;
Building;82104;Voormolen;Anton Jansen;;;;GSO
Building;82105;Voormolen;Anton Jansen;;;;
Building;82107;Voormolen;Anton Jansen;;;;
Building;82115;Voormolen;Anton Jansen;;Ja;;
Building;82116;Voormolen;Anton Jansen;;;;
Building;82118;Voormolen;Anton Jansen;;Ja;;GSO
Building;82119;Voormolen;Anton Jansen;;Nee;;
Building;82120;Voormolen;Anton Jansen;;;;
Building;82123;Voormolen;Anton Jansen;;;;GSO
Building;82124;Voormolen;Anton Jansen;;;;
Building;82125;Voormolen;Anton Jansen;;;;
Building;82200;Voormolen;Anton Jansen;;;;GSO
Building;79541;Voormolen;Anton Jansen;;;Ja;
Building;87331;Voormolen;Anton Jansen;;;;
Building;87341;Voormolen;Anton Jansen;;Nee;;
Building;87352;Voormolen;Anton Jansen;;;;
Building;87371;Voormolen;Anton Jansen;;;;
Building;87391;Voormolen;Anton Jansen;;Nee;;
Building;87401;Voormolen;Anton Jansen;;;;
Building;87402;Voormolen;Anton Jansen;;;;
Building;87403;Voormolen;Anton Jansen;;;;
Building;87411;Voormolen;Anton Jansen;;Ja;;
Building;87431;Voormolen;Anton Jansen;;Nee;;
Building;87441;Voormolen;Anton Jansen;;;;
Building;87451;Voormolen;Anton Jansen;;;;
Building;87461;Voormolen;Anton Jansen;;;;
Building;87481;Voormolen;Anton Jansen;;;;
Building;87501;Voormolen;Anton Jansen;;;;
Building;87581;Voormolen;Anton Jansen;;;;
Building;87601;Voormolen;Anton Jansen;;;Ja;
Building;87608;Voormolen;Anton Jansen;;;;
Building;87609;Voormolen;Anton Jansen;;;;
Building;87610;Voormolen;Anton Jansen;;;;
Building;87611;Voormolen;Anton Jansen;;;;
Building;87612;Voormolen;Anton Jansen;;;;
Building;87613;Voormolen;Anton Jansen;;Ja;;
Building;87614;Voormolen;Anton Jansen;;;;
Building;87615;Voormolen;Anton Jansen;;;;
Building;87616;Voormolen;Anton Jansen;;;;
Building;87617;Voormolen;Anton Jansen;;;;
Building;87618;Voormolen;Anton Jansen;;;;
Building;87619;Voormolen;Anton Jansen;;Nee;;
Building;87621;Voormolen;Anton Jansen;;;;
Building;87622;Voormolen;Anton Jansen;;;;
Building;87623;Voormolen;Anton Jansen;;;;
Building;87624;Voormolen;Anton Jansen;;;;
Building;87625;Voormolen;Anton Jansen;;;;
Building;87626;Voormolen;Anton Jansen;;;;
Building;87627;Voormolen;Anton Jansen;;;;
Building;87631;Voormolen;Anton Jansen;;;;
Building;87632;Voormolen;Anton Jansen;;;;
Building;87641;Voormolen;Anton Jansen;;;Ja;
Building;87651;Voormolen;Anton Jansen;;Nee;;
Building;87681;Voormolen;Anton Jansen;;Ja;;
Building;87682;Voormolen;Anton Jansen;;Ja;;
Building;87683;Voormolen;Anton Jansen;;Ja;;
Building;87684;Voormolen;Anton Jansen;;;;
Building;87701;Voormolen;Anton Jansen;;;;
Building;87702;Voormolen;Anton Jansen;;;;
Building;87703;Voormolen;Anton Jansen;;;;
Building;87710;Voormolen;Anton Jansen;;;Ja;
Building;87711;Voormolen;Anton Jansen;;;Ja;KPN/Vodafone
Building;87712;Voormolen;Anton Jansen;;;Ja;
Building;87713;Voormolen;Anton Jansen;;;;
Building;87714;Voormolen;Anton Jansen;;;;
Building;87715;Voormolen;Anton Jansen;;;;
Building;87716;Voormolen;Anton Jansen;;;;
Building;87717;Voormolen;Anton Jansen;;;;
Building;87718;Voormolen;Anton Jansen;;;;
Building;87719;Voormolen;Anton Jansen;;;;
Building;87741;Voormolen;Anton Jansen;;;;
Building;87751;Voormolen;Anton Jansen;;;;
Building;87752;Voormolen;Anton Jansen;;;;
Building;87761;Voormolen;Anton Jansen;;Ja;;
Building;87771;Voormolen;Anton Jansen;;;;
Building;87772;Voormolen;Anton Jansen;;;;
Building;87773;Voormolen;Anton Jansen;;Ja;;
Building;87781;Voormolen;Anton Jansen;;;;
Building;87811;Voormolen;Anton Jansen;;;;
Building;87812;Voormolen;Anton Jansen;;;;
Building;87821;Voormolen;Anton Jansen;;;;
Building;81000;Voormolen;Anton Jansen;;;;GSO
Building;81001;Voormolen;Anton Jansen;;Nee;;
Building;81004;Voormolen;Anton Jansen;;Nee;;
Building;81005;Voormolen;Anton Jansen;;;;
Building;81006;Voormolen;Anton Jansen;;;;
Building;81007;Voormolen;Anton Jansen;;;;
Building;81008;Voormolen;Anton Jansen;;;;
Building;81009;Voormolen;Anton Jansen;;;;
Building;81010;Voormolen;Anton Jansen;;;;
Building;81011;Voormolen;Anton Jansen;;;;T-Mobile
Building;81012;Voormolen;Anton Jansen;;;;GSO
Building;81013;Voormolen;Anton Jansen;;;;
Building;81014;Voormolen;Anton Jansen;;;;
Building;81015;Voormolen;Anton Jansen;;;;
Building;81016;Voormolen;Anton Jansen;;;;
Building;81017;Voormolen;Anton Jansen;;Nee;;
Building;81018;Voormolen;Anton Jansen;;;;
Building;81019;Voormolen;Anton Jansen;;;;GSO
Building;81020;Voormolen;Anton Jansen;;;;
Building;81021;Voormolen;Anton Jansen;;;;
Building;81050;Voormolen;Anton Jansen;;;;
Building;81051;Voormolen;Anton Jansen;;;;
Building;81052;Voormolen;Anton Jansen;;;;
Building;81054;Voormolen;Anton Jansen;;;;
Building;81055;Voormolen;Anton Jansen;;;;
Building;81056;Voormolen;Anton Jansen;;;;
Building;81057;Voormolen;Anton Jansen;;;;
Building;81058;Voormolen;Anton Jansen;;;;
Building;81059;Voormolen;Anton Jansen;;;;
Building;81061;Voormolen;Anton Jansen;;;;
Building;81062;Voormolen;Anton Jansen;;Nee;;
Building;81065;Voormolen;Anton Jansen;;Nee;;
Building;81069;Voormolen;Anton Jansen;;;;
Building;81070;Voormolen;Anton Jansen;;Nee;;
Building;81071;Voormolen;Anton Jansen;;;;
Building;81072;Voormolen;Anton Jansen;;Nee;;
Building;81073;Voormolen;Anton Jansen;;Nee;;
Building;81075;Voormolen;Anton Jansen;;Ja;;
Building;81077;Voormolen;Anton Jansen;;;;
Building;81080;Voormolen;Anton Jansen;;;;
Building;81081;Voormolen;Anton Jansen;;;;
Building;81082;Voormolen;Anton Jansen;;;;
Building;81083;Voormolen;Anton Jansen;;;;
Building;81084;Voormolen;Anton Jansen;;;;
Building;81085;Voormolen;Anton Jansen;;Nee;;
Building;81090;Voormolen;Anton Jansen;;;;
Building;81091;Voormolen;Anton Jansen;;;;
Building;81092;Voormolen;Anton Jansen;;;;
Building;81093;Voormolen;Anton Jansen;;;;
Building;81094;Voormolen;Anton Jansen;;;;
Building;81095;Voormolen;Anton Jansen;;;;
Building;81096;Voormolen;Anton Jansen;;;;
Building;81097;Voormolen;Anton Jansen;;;;
Building;81100;Voormolen;Anton Jansen;;;;
Building;81101;Voormolen;Anton Jansen;;;;
Building;81104;Voormolen;Anton Jansen;;;;
Building;81105;Voormolen;Anton Jansen;;;;
Building;81106;Voormolen;Anton Jansen;;;;
Building;81108;Voormolen;Anton Jansen;;;;GSO
Building;81112;Voormolen;Anton Jansen;;;;
Building;81115;Voormolen;Anton Jansen;;Ja;;
Building;81331;Voormolen;Anton Jansen;;;;
Building;81802;Voormolen;Anton Jansen;;;;
Building;81804;Voormolen;Anton Jansen;;;;
Building;81809;Voormolen;Anton Jansen;;;;
Building;81812;Voormolen;Anton Jansen;;;;
Building;81814;Voormolen;Anton Jansen;;;;
Building;81817;Voormolen;Anton Jansen;;;;
Building;81818;Voormolen;Anton Jansen;;;;
Building;81821;Voormolen;Anton Jansen;;;;
Building;81822;Voormolen;Anton Jansen;;;;
Building;81889;Voormolen;Anton Jansen;;;;
Building;81890;Voormolen;Anton Jansen;;;;
Building;76082;Voormolen;Anton Jansen;;Nee;;
Building;76083;Voormolen;Anton Jansen;;;;
Building;89611;Voormolen;Anton Jansen;;Nee;Ja;
Building;89621;Voormolen;Anton Jansen;;Nee;Ja;
Building;90061;Voormolen;Anton Jansen;;;;
Building;90062;Voormolen;Anton Jansen;;;;
Building;90081;Voormolen;Anton Jansen;;Nee;;
Building;90091;Voormolen;Anton Jansen;;;;
Building;90092;Voormolen;Anton Jansen;;;;
Building;90093;Voormolen;Anton Jansen;;;;
Building;90101;Voormolen;Anton Jansen;;Ja;;
Building;90111;Voormolen;Anton Jansen;;Ja;;
Building;90112;Voormolen;Anton Jansen;;;;
Building;90113;Voormolen;Anton Jansen;;;;
Building;90121;Voormolen;Anton Jansen;;Ja;;
Building;90122;Voormolen;Anton Jansen;;Ja;;
Building;90123;Voormolen;Anton Jansen;;;;
Building;90131;Voormolen;Anton Jansen;;;;
Building;90141;Voormolen;Anton Jansen;;Nee;;
Building;90151;Voormolen;Anton Jansen;;Nee;;
Building;90161;Voormolen;Anton Jansen;;Nee;;
Building;90171;Voormolen;Anton Jansen;;;Ja;Vodafone
Building;90181;Voormolen;Anton Jansen;;;;
Building;90182;Voormolen;Anton Jansen;;;;
Building;90191;Voormolen;Anton Jansen;;Nee;;
Building;90701;Voormolen;Anton Jansen;;;;
Building;90702;Voormolen;Anton Jansen;;;;
Building;90711;Voormolen;Anton Jansen;;;;
Building;90712;Voormolen;Anton Jansen;;;;
Building;90721;Voormolen;Anton Jansen;;;;
Building;90731;Voormolen;Anton Jansen;;;;
Building;90741;Voormolen;Anton Jansen;;;;
Building;90751;Voormolen;Anton Jansen;;;;
Building;90752;Voormolen;Anton Jansen;;Ja;;
Building;90753;Voormolen;Anton Jansen;;;;
Building;90761;Voormolen;Anton Jansen;;;;
Building;90771;Voormolen;Anton Jansen;;;;
Building;90772;Voormolen;Anton Jansen;;;;
Building;90791;Voormolen;Anton Jansen;;;;
Building;90792;Voormolen;Anton Jansen;;;;
Building;90801;Voormolen;Anton Jansen;;Nee;;
Building;75070;Voormolen;Anton Jansen;;;;
Building;75071;Voormolen;Anton Jansen;;;Ja;
Building;75072;Voormolen;Anton Jansen;;;;
Building;75073;Voormolen;Anton Jansen;;;;
Building;75074;Voormolen;Anton Jansen;;;;
Building;75075;Voormolen;Anton Jansen;;;;
Building;75076;Voormolen;Anton Jansen;;;;
Building;75077;Voormolen;Anton Jansen;;;;
Building;76065;Voormolen;Anton Jansen;;Nee;;
Building;76080;Voormolen;Anton Jansen;;Nee;;
Building;77011;Voormolen;Anton Jansen;;;;
Building;77031;Voormolen;Anton Jansen;;;;
Building;77032;Voormolen;Anton Jansen;;;;
Building;77033;Voormolen;Anton Jansen;;;;
Building;77041;Voormolen;Anton Jansen;;;;
Building;77101;Voormolen;Anton Jansen;;;;
Building;77111;Voormolen;Anton Jansen;;;Ja;
Building;77122;Voormolen;Anton Jansen;;Nee;;
Building;77131;Voormolen;Anton Jansen;;Ja;;
Building;77141;Voormolen;Anton Jansen;;;;
Building;77151;Voormolen;Anton Jansen;;;Ja;
Building;77161;Voormolen;Anton Jansen;;;;
Building;77211;Voormolen;Anton Jansen;;;;
Building;77212;Voormolen;Anton Jansen;;;;
Building;77213;Voormolen;Anton Jansen;;;;
Building;77221;Voormolen;Anton Jansen;;;;
Building;77231;Voormolen;Anton Jansen;;;;
Building;77232;Voormolen;Anton Jansen;;;;
Building;77251;Voormolen;Anton Jansen;;;;
Building;77252;Voormolen;Anton Jansen;;;;
Building;77281;Voormolen;Anton Jansen;;;;
Building;77401;Voormolen;Anton Jansen;;Ja;;
Building;77411;Voormolen;Anton Jansen;;;;
Building;77421;Voormolen;Anton Jansen;;;;
Building;77431;Voormolen;Anton Jansen;;Ja;;
Building;85011;Cazdak;Anton Jansen;;;;
Building;85051;Cazdak;Anton Jansen;;;;
Building;85061;Cazdak;Anton Jansen;;;;KPN/T-Mobile
Building;85071;Cazdak;Anton Jansen;;;;
Building;85091;Cazdak;Anton Jansen;;;;
Building;85092;Cazdak;Anton Jansen;;;;
Building;85101;Cazdak;Anton Jansen;;;;
Building;85102;Cazdak;Anton Jansen;;;;
Building;85103;Cazdak;Anton Jansen;;;;
Building;85221;Cazdak;Anton Jansen;;;;
Building;85231;Cazdak;Anton Jansen;;;;
Building;85251;Cazdak;Anton Jansen;;;;
Building;85252;Cazdak;Anton Jansen;;;Ja;
Building;85253;Cazdak;Anton Jansen;;;;
Building;85271;Cazdak;Anton Jansen;;Nee;;
Building;85272;Cazdak;Anton Jansen;;;;
Building;85281;Cazdak;Anton Jansen;;;;
Building;85292;Cazdak;Anton Jansen;;Ja;;
Building;85311;Cazdak;Anton Jansen;;;;
Building;85312;Cazdak;Anton Jansen;;;;
Building;85313;Cazdak;Anton Jansen;;;;
Building;85321;Cazdak;Anton Jansen;;;;
Building;85331;Cazdak;Anton Jansen;;;;
Building;85342;Cazdak;Anton Jansen;;;;
Building;85351;Cazdak;Anton Jansen;;;;
Building;85501;Cazdak;Anton Jansen;;;;
Building;85511;Cazdak;Anton Jansen;;;;
Building;85531;Cazdak;Anton Jansen;;;;Vodafone
Building;85540;Cazdak;Anton Jansen;;;;
Building;85541;Cazdak;Anton Jansen;;;;
Building;85551;Cazdak;Anton Jansen;;;;
Building;85561;Cazdak;Anton Jansen;;;;
Building;85562;Cazdak;Anton Jansen;;;;
Building;85563;Cazdak;Anton Jansen;;;;
Building;85564;Cazdak;Anton Jansen;;;;
Building;85571;Cazdak;Anton Jansen;;;;
Building;85581;Cazdak;Anton Jansen;;;Ja;KPN
Building;85601;Cazdak;Anton Jansen;;;Ja;
Building;85611;Cazdak;Anton Jansen;;;;
Building;85612;Cazdak;Anton Jansen;;;;
Building;85613;Cazdak;Anton Jansen;;;;
Building;85614;Cazdak;Anton Jansen;;;;
Building;85615;Cazdak;Anton Jansen;;;;
Building;85651;Cazdak;Anton Jansen;;;;
Building;85661;Cazdak;Anton Jansen;;Ja;;
Building;85662;Cazdak;Anton Jansen;;Ja;;
Building;85663;Cazdak;Anton Jansen;;;;
Building;85911;Cazdak;Anton Jansen;;;;
Building;77441;Voormolen;Anton Jansen;;;Ja;KPN/T-Mobile
Building;77450;Voormolen;Anton Jansen;;;;
Building;77451;Voormolen;Anton Jansen;;;;
Building;77461;Voormolen;Anton Jansen;;;;
Building;77471;Voormolen;Anton Jansen;;;;
Building;77511;Voormolen;Anton Jansen;;;;
Building;77551;Voormolen;Anton Jansen;;;;
Building;77561;Voormolen;Anton Jansen;;;;
Building;77562;Voormolen;Anton Jansen;;;;
Building;77571;Voormolen;Anton Jansen;;;;
Building;77572;Voormolen;Anton Jansen;;;;
Building;77691;Voormolen;Anton Jansen;;;;
Building;77721;Voormolen;Anton Jansen;;;;
Building;77722;Voormolen;Anton Jansen;;;;
Building;77744;Voormolen;Anton Jansen;;;;
Building;77745;Voormolen;Anton Jansen;;;;
Building;77746;Voormolen;Anton Jansen;;;;
Building;77747;Voormolen;Anton Jansen;;;;
Building;77761;Voormolen;Anton Jansen;;;;
Building;77773;Voormolen;Anton Jansen;;;;
Building;77774;Voormolen;Anton Jansen;;;;
Building;77791;Voormolen;Anton Jansen;;;;
Building;77792;Voormolen;Anton Jansen;;;;
Building;77793;Voormolen;Anton Jansen;;;;
Building;77795;Voormolen;Anton Jansen;;;;
Building;77803;Voormolen;Anton Jansen;;;;
Building;77804;Voormolen;Anton Jansen;;;;
Building;77805;Voormolen;Anton Jansen;;;;
Building;77812;Voormolen;Anton Jansen;;;;
Building;77813;Voormolen;Anton Jansen;;;;
Building;77821;Voormolen;Anton Jansen;;;;
Building;77822;Voormolen;Anton Jansen;;;;
Building;77823;Voormolen;Anton Jansen;;;;
Building;77871;Voormolen;Anton Jansen;;Nee;;
Building;77872;Voormolen;Anton Jansen;;;;
Building;77884;Voormolen;Anton Jansen;;;;
Building;77885;Voormolen;Anton Jansen;;;;
Building;77886;Voormolen;Anton Jansen;;;;
Building;77887;Voormolen;Anton Jansen;;;;
Building;77898;Voormolen;Anton Jansen;;;;
Building;77952;Voormolen;Anton Jansen;;;;
Building;72049;Voormolen;Anton Jansen;;;;
Building;72064;Voormolen;Anton Jansen;;;;
Building;72101;Voormolen;Anton Jansen;;;;
Building;74201;Voormolen;Anton Jansen;;Ja;Ja;
Building;74211;Voormolen;Anton Jansen;;;;
Building;74231;Voormolen;Anton Jansen;;;;
Building;74251;Voormolen;Anton Jansen;;;Ja;Vodafone
Building;74261;Voormolen;Anton Jansen;;;Ja;KPN
Building;74271;Voormolen;Anton Jansen;;;;
Building;74281;Voormolen;Anton Jansen;;Ja;;
Building;74282;Voormolen;Anton Jansen;;Nee;;
Building;74291;Voormolen;Anton Jansen;;;Ja;T-Mobile
Building;74292;Voormolen;Anton Jansen;;;;
Building;74301;Voormolen;Anton Jansen;;;;
Building;74302;Voormolen;Anton Jansen;;;;
Building;74341;Voormolen;Anton Jansen;;;;
Building;74342;Voormolen;Anton Jansen;;;;
Building;74401;Voormolen;Anton Jansen;;;;
Building;74421;Voormolen;Anton Jansen;;;;
Building;74441;Voormolen;Anton Jansen;;;;
Building;74442;Voormolen;Anton Jansen;;;;
Building;74461;Voormolen;Anton Jansen;;;;
Building;74471;Voormolen;Anton Jansen;;Ja;;
Building;74472;Voormolen;Anton Jansen;;Ja;;
Building;74473;Voormolen;Anton Jansen;;Ja;;
Building;74474;Voormolen;Anton Jansen;;Ja;;
Building;74476;Voormolen;Anton Jansen;;;;
Building;88021;Cazdak;Anton Jansen;;;;
Building;88041;Cazdak;Anton Jansen;;;;
Building;88051;Cazdak;Anton Jansen;;;;
Building;88052;Cazdak;Anton Jansen;;;;
Building;88053;Cazdak;Anton Jansen;;Ja;;
Building;88061;Cazdak;Anton Jansen;;;;
Building;88071;Cazdak;Anton Jansen;;;;
Building;88081;Cazdak;Anton Jansen;;;;
Building;88091;Cazdak;Anton Jansen;;;;
Building;88121;Cazdak;Anton Jansen;;;;
Building;88141;Cazdak;Anton Jansen;;;;
Building;88142;Cazdak;Anton Jansen;;;;T-Mobile
Building;88191;Cazdak;Anton Jansen;;;;
Building;88221;Cazdak;Anton Jansen;;;;
Building;88231;Cazdak;Anton Jansen;;Nee;;Vodafone
Building;88232;Cazdak;Anton Jansen;;Nee;;
Building;88233;Cazdak;Anton Jansen;;Nee;;
Building;88234;Cazdak;Anton Jansen;;Nee;;
Building;88921;Cazdak;Anton Jansen;;;;
Building;88991;Cazdak;Anton Jansen;;;;
Building;74481;Voormolen;Anton Jansen;;;;
Building;74501;Voormolen;Anton Jansen;;;;
Building;74511;Voormolen;Anton Jansen;;;;
Building;74512;Voormolen;Anton Jansen;;;;
Building;74513;Voormolen;Anton Jansen;;;;
Building;74514;Voormolen;Anton Jansen;;;;
Building;74521;Voormolen;Anton Jansen;;;;
Building;74522;Voormolen;Anton Jansen;;;;
Building;74523;Voormolen;Anton Jansen;;;;
Building;74524;Voormolen;Anton Jansen;;Nee;;
Building;74525;Voormolen;Anton Jansen;;;;
Building;74531;Voormolen;Anton Jansen;;;;
Building;74532;Voormolen;Anton Jansen;;;;
Building;74601;Voormolen;Anton Jansen;;Nee;;
Building;74611;Voormolen;Anton Jansen;;;;
Building;74612;Voormolen;Anton Jansen;;;;
Building;74613;Voormolen;Anton Jansen;;;;
Building;74614;Voormolen;Anton Jansen;;;;
Building;74615;Voormolen;Anton Jansen;;;;
Building;74616;Voormolen;Anton Jansen;;;;
Building;74617;Voormolen;Anton Jansen;;;;
Building;74621;Voormolen;Anton Jansen;;;;
Building;74622;Voormolen;Anton Jansen;;Ja;;
Building;74623;Voormolen;Anton Jansen;;;;
Building;74651;Voormolen;Anton Jansen;;;;
Building;74831;Voormolen;Anton Jansen;;;;
Building;74841;Voormolen;Anton Jansen;;;;
Building;74851;Voormolen;Anton Jansen;;;;
Building;74861;Voormolen;Anton Jansen;;Ja;;
Building;74871;Voormolen;Anton Jansen;;;;
Building;74881;Voormolen;Anton Jansen;;;;
Building;74891;Voormolen;Anton Jansen;;;;
Building;74892;Voormolen;Anton Jansen;;;;
Building;74922;Voormolen;Anton Jansen;;;;
Building;74923;Voormolen;Anton Jansen;;;;
Building;74931;Voormolen;Anton Jansen;;;;
Building;74941;Voormolen;Anton Jansen;;;;
Building;74951;Voormolen;Anton Jansen;;;;
Building;74961;Voormolen;Anton Jansen;;;;
